{
  "cli": {
    "version": ">= 13.2.0",
    "appVersionSource": "remote"
  },
  "build": {
    "development": {
      "developmentClient": true,
      "distribution": "internal",
      "android": {
        "gradleCommand": ":app:assembleDebug",
        "buildType": "apk"
      }
    },
    "preview": {
      "distribution": "internal",
      "android": {
        "buildType": "apk",
        "gradleCommand": ":app:assembleRelease"
      },
      "env": {
        "NODE_ENV": "production"
      }
    },
    "production": {
      "android": {
        "buildType": "app-bundle"
      },
      "env": {
        "NODE_ENV": "production"
      }
    }
  },
  "submit": {
    "production": {
      "android": {
        "serviceAccountKeyPath": "./service-account-key.json",
        "track": "internal"
      }
    }
  }
}
